username,product_name,view_date
skinnerdaniel,Golden Matcha,2024-01-21 19:23:54.432455
markhernandez,Vanilla Spark,2024-02-09 06:56:49.061011
andrewdavis,Ruby Spark,2024-05-31 03:29:33.826789
markhernandez,Velvet Jasmine,2024-06-05 06:54:30.393456
hwilson,Cardamom Kiss,2024-04-02 01:13:33.676603
michael61,Ruby Frost,2024-09-23 10:11:45.185298
garrett22,Golden Jasmine,2024-02-07 18:33:25.478657
njohnson,Turmeric Frost,2024-06-15 16:25:20.324151
donnakelley,Herbal Frost,2024-04-12 04:17:54.822659
antonio66,Golden Jasmine,2024-11-29 08:13:28.274112
christopherperkins,Smoky Jasmine,2024-01-24 05:33:51.601125
jennifer29,Spiced Velvet,2024-10-26 11:40:58.201930
stephanie81,Cinnamon Glow,2024-04-15 00:58:22.066164
kimhughes,Tropical Spice,2024-03-14 06:46:01.091422
kevincoleman,Mocha Blossom,2024-02-27 09:19:21.202283
mhudson,Turmeric Harmony,2024-05-19 06:17:07.708107
shahtina,Turmeric Frost,2024-12-06 09:25:18.429062
andrewdavis,Midnight Mocha,2024-03-30 04:33:31.492719
shahtina,Velvet Rose,2024-11-29 20:03:27.315818
ggonzalez,Almond Bliss,2024-12-23 06:01:54.235011
swansonjames,Ginger Glow,2024-07-04 15:32:29.857311
skinnerdaniel,Berry Glow,2024-06-27 23:27:33.148237
johnsonmichael,Mystic Ember,2024-10-13 18:28:18.859594
kenneth72,Golden Matcha,2024-05-17 08:48:09.659330
marc16,Choco Cinnamon,2024-10-21 08:47:45.140630
sarahgrant,Persian Gold,2024-05-25 05:16:47.782059
steve04,Cinnamon Glow,2024-01-07 05:43:40.273527
mhudson,Midnight Mocha,2024-09-01 10:31:33.370408
ryanmurphy,Cinnamon Spice,2024-06-11 08:08:30.382580
david15,Choco Chai,2024-09-22 12:59:52.422170
shanebauer,Cocoa Rooibos,2024-03-22 03:33:13.298721
fhernandez,Mystic Matcha,2024-12-01 09:49:53.209213
valerie75,Mystic Amber,2024-06-22 15:23:43.116292
youngscott,Lavender Harmony,2024-11-18 05:54:38.240248
johnsonmichael,Ruby Hibiscus,2024-06-11 02:17:02.582952
antonio66,Golden Rooibos,2024-11-30 00:48:42.305981
ryanmurphy,Zesty Spice,2024-01-10 18:44:15.914060
john37,Midnight Mocha,2024-10-09 00:35:02.093831
mcdonaldjennifer,Silk Harmony,2024-06-10 17:54:20.969747
karabarrett,Mocha Blossom,2024-08-16 06:58:19.586243
brownperry,Cardamom Bliss,2024-02-26 04:20:50.084502
wbarajas,Honey Spice,2024-06-09 00:50:28.985085
jessicahernandez,Honey Gold,2024-06-13 21:48:38.579675
mprice,Saffron Magic,2024-06-02 14:46:32.803630
melissaryan,Tropical Zest,2024-10-06 16:54:33.991870
jennifer29,Cinnamon Serenade,2024-11-12 16:02:38.860658
michael61,Saffron Magic,2024-05-26 08:26:24.542050
terri72,Silk Harmony,2024-08-30 19:43:12.085364
fjones,Jasmine Ember,2024-12-01 16:08:59.994688
jennifer29,Lemon Glow,2024-05-11 16:54:06.257613
ryanmurphy,Ginger Harmony,2024-11-29 20:59:04.802441
scrosby,Ginger Glow,2024-10-10 03:57:36.909668
kgregory,Wild Jasmine,2024-05-23 09:14:00.354646
justin48,Ruby Rooibos,2024-09-30 07:12:33.929330
david15,Turmeric Bliss,2024-11-24 05:25:48.900600
swansonjames,Wildberry Bliss,2024-01-29 09:11:15.147220
hdiaz,Mystic Matcha,2024-09-21 23:47:02.438006
swansonjames,Mint Harmony,2024-09-02 17:37:38.223590
bcurtis,Turmeric Frost,2024-10-07 21:28:50.562349
shanebauer,Almond Frost,2024-10-06 22:11:06.333725
jasonking,Cinnamon Glow,2024-11-02 23:05:22.923247
mhudson,Cinnamon Frost,2024-03-03 11:37:31.974256
kimberly29,Sunset Saffron,2024-10-23 18:48:11.937192
brian90,Ginger Harmony,2024-01-17 09:26:57.819041
mhudson,Jasmine Ember,2024-04-21 09:41:04.259242
christinaweiss,Herbal Frost,2024-01-16 11:00:12.635239
christinaweiss,Ruby Hibiscus,2024-05-10 17:27:22.454353
sarahgrant,Ruby Frost,2024-03-26 15:55:46.105264
michele27,Ruby Frost,2024-03-03 17:03:32.189895
hdiaz,Sunset Saffron,2024-09-13 23:26:32.572890
ericjones,Cocoa Spice,2024-01-31 02:38:24.112817
michael61,Darjeeling Dream,2024-12-13 08:28:45.662614
hwilson,Golden Harmony,2024-02-09 20:40:37.407300
bsummers,Vanilla Harvest,2024-06-09 04:38:12.804007
david15,Choco Chai,2024-03-05 20:00:10.278191
vanessamedina,Smoky Spark,2024-01-20 19:30:26.615991
smithjenna,Ginger Spice,2024-05-21 20:36:19.805711
markhernandez,Cardamom Kiss,2024-06-04 08:18:28.610501
john37,Cocoa Gold,2024-01-19 07:10:01.263273
elaine16,Lavender Bliss,2024-11-04 04:45:38.033871
ericjones,Cardamom Glow,2024-08-05 05:23:23.256050
rebekahsanders,Smoky Ember Rose,2024-06-14 08:27:03.239834
melissaryan,Golden Rooibos,2024-11-02 12:34:14.928180
cody70,Berry Harmony,2024-06-09 14:04:00.451531
shanebauer,Mystic Matcha,2024-12-16 12:39:32.560647
kimhughes,Ginger Spice,2024-01-15 13:19:47.922355
ljones,Saffron Spark,2024-01-21 09:58:32.114912
gregoryedwards,Golden Matcha,2024-06-13 06:03:36.075951
jonathanpage,Wildberry Bliss,2024-07-23 08:07:25.649088
tjuarez,Turmeric Whisper,2024-07-21 07:27:46.536313
valencialarry,Lavender Pearl,2024-06-07 21:20:32.543652
michele27,Vanilla Harvest,2024-01-04 15:47:53.304859
njohnson,Ginger Spice,2024-11-16 15:46:18.685652
christinepayne,Citrus Glow,2024-04-26 23:18:49.363493
youngscott,Cinnamon Glow,2024-05-25 02:42:39.780503
tjuarez,Silk Harmony,2024-08-20 15:57:23.998993
mhudson,Spiced Maple,2024-12-09 12:20:08.103330
stephanie81,Wild Spice,2024-08-05 04:09:02.684926
travisrojas,Turmeric Whisper,2024-04-15 02:56:03.472045
mhudson,Mystic Chai,2024-08-10 01:04:41.043590
elaine16,Cinnamon Harmony,2024-08-09 01:44:23.288217
christopherperkins,Smoky Whisper,2024-02-27 01:56:13.769854
lauren64,Lavender Harmony,2024-02-10 15:18:34.859731
valerie75,Arabica Ember,2024-06-25 09:38:06.765800
rebekahsanders,Golden Harmony,2024-09-19 07:52:49.977472
markhernandez,Cardamom Glow,2024-07-30 00:02:33.188056
njohnson,Turmeric Whisper,2024-12-06 12:24:32.208417
steve04,Sunset Frost,2024-10-07 21:24:42.835699
jasonking,Ginger Glow,2024-11-11 03:47:56.785627
brandonlewis,Cinnamon Spark,2024-01-07 05:24:23.112027
ryanmurphy,Jasmine Serenity,2024-09-03 07:48:59.366084
vanessamedina,Sunset Rose,2024-08-03 05:38:52.886952
hwilson,Wildberry Bliss,2024-06-15 09:57:35.723605
bishopkeith,Lavender Frost,2024-09-11 09:29:03.153597
baldwinwayne,Herbal Ember,2024-04-28 17:39:13.750204
michele27,Golden Glow,2024-06-01 10:54:39.199735
karabarrett,Almond Whisper,2024-06-16 18:00:54.483768
valencialarry,Cocoa Frost,2024-03-29 03:32:48.317905
christopherdavid,Zesty Lemongrass,2024-06-24 07:37:10.797068
jennifer55,Honey Jasmine,2024-03-30 02:20:49.229566
kimhughes,Cinnamon Harmony,2024-05-01 06:33:56.560725
jennifer29,Smoky Ember Rose,2024-12-23 07:11:21.918399
sarahgrant,Spiced Amber,2024-10-08 15:29:11.721760
brandonlewis,Citrus Spice,2024-03-11 04:41:07.509920
ericjones,Honey Jasmine,2024-08-18 19:13:39.837375
currycaleb,Jasmine Serenity,2024-01-27 15:28:56.240823
njohnson,Cardamom Kiss,2024-11-08 22:18:07.489375
christinepayne,Cocoa Kiss,2024-07-23 12:07:20.671673
john37,Herbal Ember,2024-05-16 23:10:28.761032
romerolisa,Choco Chai,2024-12-04 00:50:36.381796
laura11,Turmeric Whisper,2024-06-03 04:29:39.971188
smithjenna,Wild Frost,2024-08-16 08:48:30.714518
justin48,Velvet Harmony,2024-03-10 13:06:01.082852
christinaweiss,Cinnamon Spark,2024-03-22 14:01:12.162998
michael61,Moonlit Matcha,2024-04-01 06:55:23.312253
markhernandez,Golden Rooibos,2024-09-09 16:20:56.259011
cody70,Spiced Velvet,2024-10-05 09:14:28.682849
qmoran,Velvet Jasmine,2024-10-19 02:55:02.445011
johnsosa,Lemon Harmony,2024-01-17 01:07:18.762077
skinnerdaniel,Chai Nirvana,2024-06-15 16:15:42.147777
scrosby,Lemon Jasmine,2024-11-01 20:48:18.345190
brian90,Velvet Rose,2024-04-17 13:48:15.987940
skinnerdaniel,Zesty Spice,2024-03-23 04:04:32.650494
emmaedwards,Cardamom Glow,2024-09-09 18:22:58.926502
ljones,Lemon Jasmine,2024-03-20 17:59:31.374221
bcurtis,Cardamom Glow,2024-11-03 06:12:10.259659
qmoran,Mocha Blossom,2024-07-28 04:57:11.251692
wbarajas,Smoky Ember Rose,2024-12-16 05:19:57.821192
ggonzalez,Golden Glow,2024-09-15 19:14:33.415468
brownperry,Zesty Orange,2024-05-31 10:28:12.739151
marc95,Berry Breeze,2024-09-05 22:03:29.927885
njohnson,Jasmine Serenity,2024-12-04 13:41:29.672410
njohnson,Ginger Bliss,2024-09-18 13:08:40.949068
emmaedwards,Choco Cinnamon,2024-04-18 06:56:04.861322
mprice,Almond Frost,2024-11-09 03:34:03.083796
christopherperkins,Ginger Spice,2024-07-06 09:38:09.990253
michael44,Lavender Harmony,2024-04-21 08:49:31.304068
wbarajas,Smoky Harvest,2024-11-18 05:07:16.116711
swansonjames,Honeyberry Spice,2024-01-19 01:18:54.824250
kgregory,Cocoa Spice,2024-05-30 10:24:09.242803
christinaweiss,Turmeric Sunset,2024-03-01 20:41:14.273353
hdiaz,Smoky Ember,2024-04-29 04:22:20.628575
currycaleb,Silk Assam,2024-01-17 17:07:56.922770
lauren64,Smoky Jasmine,2024-12-04 16:07:45.833335
valerie75,Golden Clove,2024-02-18 17:20:25.277707
valerie75,Ginger Spice,2024-09-30 06:18:05.949794
terri72,Zesty Orange,2024-06-27 08:38:38.906014
vjackson,Berry Bliss,2024-09-19 10:08:05.446835
erin28,Lavender Bliss,2024-09-08 19:49:31.716852
vanessamedina,Berry Glow,2024-05-30 03:22:15.241109
brandonwilliams,Turmeric Frost,2024-04-22 23:52:40.343760
andrewdavis,Velvet Ember,2024-05-21 12:07:45.395310
gregoryedwards,Berry Harmony,2024-06-24 02:12:19.640177
tjuarez,Golden Jasmine,2024-03-22 10:20:42.777889
marc16,Saffron Sun,2024-02-06 02:59:59.188709
heatherrice,Midnight Mocha,2024-01-06 11:16:22.942215
melissaryan,Silk Jasmine,2024-07-12 06:08:16.862282
vanessamedina,Cardamom Frost,2024-06-08 22:40:26.397838
christinaweiss,Sunset Rose,2024-09-02 12:36:25.767735
gregoryedwards,Herbal Ember,2024-08-31 02:33:29.996724
marc16,Cocoa Serenade,2024-06-20 07:56:39.701500
ryanmurphy,Spiced Velvet,2024-05-02 14:34:16.314461
christopherperkins,Smoky Clove,2024-05-29 00:23:27.262856
swansonjames,Wild Frost,2024-04-18 21:08:08.956258
heatherrice,Choco Chai,2024-08-21 12:57:25.428282
gregoryedwards,Golden Spice,2024-04-29 17:47:22.279635
nicholasobrien,Herbal Harmony,2024-08-17 21:14:09.445812
cody70,Golden Glow,2024-05-20 18:17:42.431635
smithjenna,Cardamom Frost,2024-10-11 02:10:51.339424
walkercynthia,Ginger Harmony,2024-03-28 13:22:59.191863
marc95,Velvet Rose,2024-06-15 16:14:18.808857
jennifer29,Velvet Vanilla,2024-10-11 15:58:09.782480
christopher63,Turmeric Whisper,2024-03-07 11:19:54.449035
lindsey92,Ginger Glow,2024-09-01 06:32:43.263859
ryanmurphy,Cardamom Kiss,2024-01-10 10:20:06.559213
bcurtis,Ruby Rooibos,2024-04-02 02:00:09.140359
huertamichele,Ginger Harmony,2024-06-11 17:05:52.483642
qmoran,Mint Whisper,2024-11-21 18:21:06.583887
christopher63,Smoky Ceylon,2024-08-03 20:55:17.438963
njohnson,Cocoa Rooibos,2024-05-14 06:34:18.926017
riveraalex,Lemon Glow,2024-08-08 14:56:02.970183
qmoran,Lemon Jasmine,2024-02-04 18:18:59.580215
nicholasobrien,Midnight Mocha,2024-11-09 16:08:02.370757
baldwinwayne,Ginger Glow,2024-05-04 04:37:42.511436
donnakelley,Honey Frost,2024-03-04 03:03:38.648038
christinaweiss,Mint Whisper,2024-12-12 03:14:34.470541
valerie75,Amber Chai,2024-12-01 07:42:25.850882
owendaniel,Almond Spice,2024-04-25 23:48:33.129666
kimhughes,Chai Nirvana,2024-01-26 06:53:20.492407
christopher63,Ginger Glow,2024-01-25 04:08:13.488084
valerie75,Smoky Spark,2024-09-04 18:17:15.120073
garrett22,Wild Spice,2024-07-18 06:37:28.241851
shahtina,Smoky Ember Rose,2024-11-03 09:40:43.465615
markhernandez,Wild Frost,2024-07-25 19:42:39.687853
sydneyfry,Spiced Maple,2024-10-05 16:21:16.047394
schultzlisa,Turmeric Bliss,2024-02-11 03:55:22.775691
christinaweiss,Cocoa Rooibos,2024-07-12 01:29:39.841079
esmith,Golden Glow,2024-02-01 03:03:12.319297
currycaleb,Jasmine Spice,2024-08-19 16:56:37.386142
bcurtis,Maple Spice,2024-04-30 19:06:32.389481
currycaleb,Cocoa Harmony,2024-06-02 04:42:34.580232
odelacruz,Saffron Sun,2024-11-29 06:03:46.559540
laura11,Herbal Glow,2024-10-12 16:45:11.417107
christopher63,Turmeric Whisper,2024-09-15 14:09:15.866217
garrett22,Ruby Frost,2024-03-21 03:46:34.694346
smithjenna,Herbal Frost,2024-03-01 05:52:43.774548
qmoran,Ginger Glow,2024-08-18 15:52:58.703667
jonathanpage,Cardamom Kiss,2024-04-25 17:14:03.352559
odelacruz,Cocoa Harmony,2024-08-17 14:50:46.576375
jessicahernandez,Almond Glow,2024-10-01 08:17:05.246439
brandonlewis,Ruby Hibiscus,2024-11-01 21:36:41.198431
hdiaz,Vanilla Spark,2024-07-24 22:13:22.561978
johnsosa,Cocoa Glow,2024-09-27 04:00:54.961527
swansonjames,Wild Frost,2024-08-14 14:00:12.771401
lindsey92,Ruby Frost,2024-04-02 19:20:26.611679
emmaedwards,Velvet Jasmine,2024-05-06 18:00:02.852480
sarahgrant,Honey Citrus,2024-03-19 12:39:31.454740
esmith,Cocoa Velvet,2024-05-30 18:47:44.797335
swansonjames,Ginger Spice,2024-04-20 02:18:10.009923
brian90,Ruby Rooibos,2024-05-09 06:00:07.774760
gregoryedwards,Mystic Citrus,2024-10-19 22:55:12.115941
fjones,Smoky Ember Rose,2024-12-18 17:36:48.917410
walkercynthia,Smoky Clove,2024-03-01 16:36:10.930026
keithmason,Jasmine Serenity,2024-01-16 12:56:51.609388
jasonking,Wild Spice,2024-04-26 02:19:13.670427
hdiaz,Turmeric Frost,2024-03-19 06:20:35.315194
walkercynthia,Turmeric Frost,2024-10-01 09:29:01.748367
baldwinwayne,Mystic Citrus,2024-11-27 07:10:19.163824
david15,Cardamom Kiss,2024-07-03 13:29:09.852308
erin28,Smoky Ember,2024-11-22 01:08:46.272058
youngscott,Berry Glow,2024-02-07 20:07:37.453519
cody70,Golden Glow,2024-12-01 13:28:09.504318
brandonlewis,Velvet Jasmine,2024-01-06 17:36:06.567318
walkercynthia,Saffron Magic,2024-05-31 04:37:58.770090
erin28,Cocoa Harmony,2024-06-04 07:59:47.736062
laura11,Wild Frost,2024-07-27 17:14:10.548425
barreralori,Mint Harmony,2024-03-08 16:40:01.675268
karabarrett,Mystic Citrus,2024-09-01 07:31:45.997485
fhernandez,Ruby Frost,2024-09-19 01:21:35.738800
romerolisa,Zesty Spice,2024-03-03 07:45:24.445908
valencialarry,Wildberry Bliss,2024-11-19 00:37:43.478820
mcdonaldjennifer,Lavender Harmony,2024-08-12 01:20:33.865298
smithjenna,Berry Frost,2024-03-24 03:15:16.656191
hdiaz,Ruby Frost,2024-10-11 18:47:34.726480
michael61,Midnight Mocha,2024-09-19 23:02:48.510558
romerolisa,Mystic Citrus,2024-12-12 16:28:49.379454
barreralori,Honey Citrus,2024-10-23 10:18:09.828287
walkercynthia,Mystic Amber,2024-11-13 05:04:53.093767
esmith,Velvet Ember,2024-05-22 02:38:05.087501
baldwinwayne,Ruby Frost,2024-03-29 21:21:16.497700
riveraalex,Citrus Spice,2024-11-19 04:37:04.987077
christopherdavid,Wild Jasmine,2024-05-04 13:52:31.516239
michael61,Citrus Spice,2024-05-11 22:35:36.426738
kgregory,Spiced Velvet,2024-06-01 18:40:39.957619
steve04,Mint Whisper,2024-12-12 07:19:42.587779
romerolisa,Golden Rooibos,2024-07-24 03:29:08.331265
hwilson,Midnight Mocha,2024-12-02 17:30:21.977171
njohnson,Cinnamon Glow,2024-08-01 16:53:23.971920
bsummers,Turmeric Frost,2024-11-19 13:05:41.888228
vanessamedina,Golden Rooibos,2024-07-22 01:43:48.295671
kevincoleman,Cardamom Glow,2024-01-14 17:04:56.385745
jessicahernandez,Velvet Jasmine,2024-03-25 20:11:04.815686
marc95,Lavender Bliss,2024-02-17 11:21:24.313701
brandonwilliams,Himalayan Frost,2024-05-30 00:33:24.408350
ericjones,Cinnamon Glow,2024-07-02 02:02:09.016868
valerie75,Silk Harmony,2024-07-15 19:38:22.047633
kramermary,Lemon Harmony,2024-01-19 15:25:01.944274
keithmason,Ruby Frost,2024-10-25 17:32:14.183610
bishopkeith,Saffron Sun,2024-05-07 02:27:31.844139
ericjones,Golden Frost,2024-05-25 06:26:39.480135
donnakelley,Smoky Ember Rose,2024-08-26 06:57:16.805094
baldwinwayne,Wild Hibiscus,2024-07-26 06:09:00.706951
elaine16,Velvet Harmony,2024-08-27 18:02:45.692545
andrewdavis,Golden Spice,2024-09-30 12:52:35.460819
travisrojas,Turmeric Harmony,2024-12-15 15:31:33.461566
jasonking,Cocoa Velvet,2024-08-09 18:42:51.276418
marc16,Smoky Clove,2024-05-14 05:09:20.501509
shahtina,Lemon Harmony,2024-03-02 23:49:45.406111
johnsonmichael,Cinnamon Spice,2024-03-18 02:53:54.048011
kimberly29,Tropical Spice,2024-07-26 12:20:37.185798
erin28,Almond Gold,2024-06-13 18:52:19.514007
swansonjames,Choco Whisper,2024-02-28 12:55:15.265743
shahtina,Honey Jasmine,2024-05-20 06:14:26.986966
michele27,Choco Cinnamon,2024-03-05 22:40:41.472435
todd66,Golden Glow,2024-02-13 19:07:34.771004
christinepayne,Cocoa Gold,2024-08-04 15:14:23.333126
sydneyfry,Ruby Hibiscus,2024-08-26 06:29:42.897717
owendaniel,Cardamom Glow,2024-01-24 21:07:18.365474
vjackson,Velvet Spice,2024-11-22 04:55:45.663097
shanebauer,Jasmine Ember,2024-03-26 13:24:38.276525
ljones,Cocoa Frost,2024-05-21 23:41:41.457593
bcurtis,Ginger Bliss,2024-08-16 19:38:31.399608
pfitzgerald,Jasmine Gold,2024-06-06 10:26:50.452526
keithmason,Velvet Vanilla,2024-05-03 12:17:10.126059
jennifer55,Lemon Frost,2024-01-14 10:04:14.587363
qmoran,Cocoa Rooibos,2024-02-16 06:01:29.140721
gregoryedwards,Zesty Lemongrass,2024-01-17 06:00:57.372262
shanebauer,Sunset Spice,2024-11-18 19:50:09.892043
bcurtis,Berry Breeze,2024-01-18 17:17:30.309295
currycaleb,Turmeric Whisper,2024-10-18 11:06:13.547142
donnakelley,Cinnamon Whisper,2024-11-06 10:01:53.505535
sarahgrant,Cocoa Serenade,2024-09-07 18:27:14.744371
terri72,Ruby Hibiscus,2024-08-13 00:29:40.079354
fhernandez,Spiced Amber,2024-01-20 14:37:21.401454
huertamichele,Lemon Jasmine,2024-03-14 21:24:38.224532
esmith,Citrus Harmony,2024-04-12 08:44:33.042777
kevincoleman,Jasmine Serenity,2024-08-21 13:06:13.178973
romerolisa,Berry Bliss,2024-10-27 20:41:49.323167
hwilson,Golden Glow,2024-03-07 00:43:40.011502
sydneyfry,Almond Frost,2024-12-19 17:37:35.607467
mcdonaldjennifer,Herbal Glow,2024-01-15 06:42:40.783276
brian90,Lavender Breeze,2024-06-16 17:45:11.382770
qmoran,Lemon Frost,2024-04-06 16:11:47.111320
bishopkeith,Velvet Jasmine,2024-11-07 04:25:41.195842
rebekahsanders,Smoky Jasmine,2024-11-18 19:15:03.895566
ljones,Golden Glow,2024-02-15 17:48:33.688174
bsummers,Ginger Glow,2024-11-17 15:58:52.603234
currycaleb,Smoky Whisper,2024-08-16 11:56:40.576931
sydneyfry,Cardamom Bliss,2024-07-15 21:49:35.601338
lindsey92,Amber Chai,2024-06-04 10:07:58.021960
fhernandez,Himalayan Frost,2024-12-08 18:47:14.928720
mcdonaldjennifer,Smoky Ember,2024-07-11 01:30:19.131677
shahtina,Velvet Citrus,2024-02-21 13:05:51.902197
odelacruz,Honey Jasmine,2024-02-22 05:02:56.459490
ericjones,Midnight Berry,2024-09-27 11:31:46.431172
shanebauer,Velvet Vanilla,2024-01-07 06:58:35.055074
romerolisa,Saffron Spark,2024-03-10 21:05:01.954830
lindsey92,Silk Jasmine,2024-07-16 02:30:09.885034
huertamichele,Silk Rose,2024-03-16 19:48:18.140307
currycaleb,Cinnamon Serenade,2024-11-12 03:36:32.570216
jennifer55,Almond Chai,2024-11-14 08:22:05.578632
marc95,Moroccan Mint,2024-05-31 15:48:01.227057
tjuarez,Spiced Maple,2024-03-29 08:49:23.003604
ljones,Wild Hibiscus,2024-03-15 15:35:25.590106
bcurtis,Zesty Lemongrass,2024-01-26 08:43:17.460639
currycaleb,Velvet Ember,2024-08-19 08:56:49.015204
dianamack,Wild Hibiscus,2024-10-11 15:27:16.695856
lauren64,Lemon Harmony,2024-05-23 17:28:50.376797
emmaedwards,Cocoa Kiss,2024-04-14 08:46:54.995717
hdiaz,Ginger Harmony,2024-06-27 07:52:24.363380
brownperry,Smoky Clove,2024-10-21 19:08:20.297699
kgregory,Wild Frost,2024-03-01 03:31:21.143874
jonathanpage,Cinnamon Harmony,2024-03-04 16:57:13.573225
michael44,Mystic Citrus,2024-08-20 13:49:46.848668
christopherperkins,Ruby Frost,2024-01-30 21:50:21.123838
nicholasobrien,Ginger Harmony,2024-12-01 04:28:36.042725
ggonzalez,Almond Glow,2024-07-05 21:48:27.748764
bishopkeith,Cocoa Frost,2024-10-07 23:05:41.629402
garrett22,Herbal Ember,2024-09-30 18:29:48.131616
jessicahernandez,Golden Glow,2024-11-25 07:55:51.182147
vjackson,Golden Spice,2024-10-17 01:18:49.452206
esmith,Turmeric Bliss,2024-09-06 23:23:06.160706
christinepayne,Cinnamon Pearl,2024-08-30 13:27:08.951065
todd66,Spiced Amber,2024-09-09 06:53:56.332133
youngscott,Zesty Orange,2024-07-14 22:50:25.908736
lindsey92,Amber Chai,2024-05-21 04:46:08.650534
valerie75,Smoky Whisper,2024-12-09 12:33:06.409367
sarahgrant,Wildberry Bliss,2024-11-30 21:06:23.481778
johnsonmichael,Mystic Ember,2024-01-12 21:16:38.293197
tjuarez,Silk Jasmine,2024-01-24 16:59:30.374078
kimhughes,Persian Gold,2024-05-26 17:11:13.304217
owendaniel,Ruby Frost,2024-04-19 15:51:37.723321
fjones,Ginger Spice,2024-08-08 07:39:05.185778
cody70,Cardamom Frost,2024-06-10 19:11:36.255380
christopherdavid,Mint Harmony,2024-07-02 06:23:39.352287
jasonking,Cocoa Rooibos,2024-11-14 00:40:29.667646
schultzlisa,Mystic Frost,2024-05-29 22:20:13.644619
kgregory,Cocoa Harmony,2024-06-13 12:22:08.966179
nicholasobrien,Lavender Spice,2024-06-11 06:43:44.969518
kimberly29,Almond Whisper,2024-10-05 19:48:03.298297
christopherperkins,Almond Harmony,2024-12-05 16:29:21.264647
karabarrett,Lavender Breeze,2024-04-17 03:28:03.412986
huertamichele,Turmeric Whisper,2024-08-11 17:44:19.073603
cody70,Persian Gold,2024-03-23 13:11:26.871541
stephanie81,Smoky Ember,2024-03-26 13:07:02.882278
dianamack,Mystic Ember,2024-07-16 19:35:22.271372
markhernandez,Lavender Breeze,2024-03-31 19:50:30.245672
michele27,Cinnamon Serenade,2024-01-30 15:48:49.633126
mhudson,Smoky Jasmine,2024-09-23 04:41:32.751005
lindsey92,Persian Gold,2024-05-26 14:18:15.905184
travisrojas,Ruby Rooibos,2024-01-28 11:27:43.758198
pfitzgerald,Turmeric Bliss,2024-02-02 03:15:54.537028
fjones,Berry Harmony,2024-06-11 07:47:08.019528
heatherrice,Wildberry Bliss,2024-12-23 07:39:24.022373
mcdonaldjennifer,Golden Harmony,2024-07-09 18:06:19.207191
skinnerdaniel,Herbal Frost,2024-07-27 03:22:23.035884
ljones,Mystic Frost,2024-01-19 15:55:18.745479
scrosby,Mystic Chai,2024-12-20 08:11:01.351867
shanebauer,Jasmine Gold,2024-04-18 01:52:21.326509
elaine16,Smoky Whisper,2024-11-30 03:28:53.807195
cody70,Berry Bliss,2024-07-07 09:35:37.359934
andrewdavis,Lavender Frost,2024-08-25 18:15:20.780462
melissaryan,Almond Blossom,2024-12-04 16:20:32.966032
michael61,Choco Chai,2024-02-11 12:22:23.892196
christopher63,Cinnamon Harmony,2024-10-26 07:11:57.260130
cody70,Smoky Ember,2024-08-03 05:49:02.079045
hwilson,Mystic Amber,2024-11-12 13:59:28.025579
jonathanpage,Cocoa Rooibos,2024-11-28 16:39:35.568938
kevincoleman,Golden Spice,2024-10-01 02:07:36.526552
heatherrice,Smoky Ember Rose,2024-08-16 16:46:34.056441
ryanmurphy,Smoky Clove,2024-12-09 23:02:42.120832
wbarajas,Cocoa Harmony,2024-08-15 03:22:39.566908
jennifer29,Smoky Spark,2024-09-18 07:17:44.200773
bcurtis,Arctic Mint,2024-07-27 07:59:53.907289
walkercynthia,Lavender Frost,2024-08-16 15:24:49.278715
christopher63,Velvet Spice,2024-05-10 09:54:17.218766
terri72,Arabica Ember,2024-06-22 09:19:48.837992
mhudson,Lavender Pearl,2024-09-07 03:15:30.296856
jennifer29,Mint Harmony,2024-11-17 02:09:23.672233
michael44,Honey Gold,2024-08-27 04:24:03.581500
baldwinwayne,Smoky Ember Rose,2024-07-24 19:52:36.969752
hdiaz,Ruby Frost,2024-12-09 20:08:28.866300
fhernandez,Cocoa Spice,2024-07-31 20:37:03.357116
jonathanpage,Tropical Spice,2024-08-15 18:49:32.648922
kramermary,Ginger Glow,2024-10-16 04:37:53.165262
michele27,Honey Jasmine,2024-11-27 01:41:42.382459
nicholasobrien,Velvet Harmony,2024-08-15 14:24:38.581407
stephanie81,Wildberry Bliss,2024-03-21 12:06:39.206301
brandonwilliams,Silk Jasmine,2024-11-11 05:29:51.714165
jasonking,Turmeric Harmony,2024-11-25 09:46:10.007897
shahtina,Almond Gold,2024-11-14 13:53:05.567269
nicholasobrien,Jasmine Serenity,2024-04-22 19:14:05.120813
luis39,Turmeric Bliss,2024-10-23 21:09:53.074220
brandonlewis,Dragon Pearl,2024-11-28 07:31:40.230933
owendaniel,Jasmine Serenity,2024-07-12 09:06:51.523770
fhernandez,Turmeric Bliss,2024-01-12 19:01:35.750396
jonathanpage,Golden Spice,2024-12-24 00:13:22.975649
ethompson,Almond Gold,2024-01-24 09:00:37.039315
todd66,Cardamom Kiss,2024-02-13 19:22:10.056556
michele27,Smoky Spark,2024-09-07 06:57:09.376374
riveraalex,Vanilla Harvest,2024-09-30 04:34:01.980926
skinnerdaniel,Almond Spice,2024-08-20 17:39:15.140055
marc95,Turmeric Frost,2024-04-04 02:34:59.875266
gregoryedwards,Wild Zest,2024-08-06 00:57:13.934515
donnakelley,Honey Gold,2024-01-27 11:50:13.074457
sarahgrant,Velvet Ember,2024-05-06 06:13:07.110181
kimhughes,Maple Spice,2024-07-30 19:03:15.571821
lauren64,Cinnamon Serenade,2024-10-02 06:55:53.758154
karabarrett,Turmeric Frost,2024-10-02 00:21:38.228765
brandonlewis,Saffron Sun,2024-06-24 07:08:48.139137
ljones,Ruby Frost,2024-06-13 20:58:20.787036
kenneth72,Lavender Frost,2024-02-09 17:32:33.205032
huertamichele,Herbal Ember,2024-05-08 06:20:39.161396
swansonjames,Persian Gold,2024-01-03 21:55:50.969190
steve04,Himalayan Frost,2024-08-12 05:59:46.855755
hdiaz,Ruby Frost,2024-09-29 23:22:32.979531
owendaniel,Honeyberry Spice,2024-02-14 21:17:28.230891
ryanmurphy,Silk Frost,2024-03-18 01:08:15.246462
elaine16,Turmeric Sunset,2024-08-16 15:12:10.974028
christopherdavid,Almond Whisper,2024-01-21 03:43:11.711827
sydneyfry,Mint Majesty,2024-08-13 00:48:58.237761
currycaleb,Spiced Velvet,2024-12-16 02:16:23.770808
jessicahernandez,Sunset Rose,2024-04-03 06:19:54.941695
johnsonmichael,Cinnamon Glow,2024-01-27 15:09:46.748786
schultzlisa,Saffron Sun,2024-10-23 17:04:39.409579
riveraalex,Almond Spice,2024-06-28 18:25:14.373786
swansonjames,Citrus Harmony,2024-01-26 21:38:41.790026
ethompson,Turmeric Whisper,2024-07-09 04:58:09.754242
stephanie81,Choco Cinnamon,2024-09-11 18:04:27.644256
terri72,Maple Spice,2024-10-25 02:53:34.951981
johnsonmichael,Ruby Frost,2024-07-08 03:00:12.526314
jennifer29,Cocoa Gold,2024-08-19 06:36:33.083417
kimberly29,Velvet Spice,2024-06-15 16:22:51.251371
todd66,Herbal Ember,2024-08-30 05:27:51.521437
njohnson,Turmeric Frost,2024-09-03 10:18:01.921429
kimberly29,Lemon Jasmine,2024-07-16 02:21:29.431213
kimberly29,Velvet Jasmine,2024-01-28 04:33:04.655695
antonio66,Berry Bliss,2024-10-29 16:25:34.591050
travisrojas,Mint Frost,2024-03-13 11:46:48.176865
christinepayne,Jasmine Ember,2024-08-21 08:20:02.254381
ericjones,Lavender Frost,2024-02-25 13:36:36.883643
christinepayne,Sunset Rose,2024-03-23 06:37:59.784944
vanessamedina,Herbal Ember,2024-03-14 22:45:26.433829
ggonzalez,Ruby Hibiscus,2024-07-18 13:31:38.181418
bsummers,Velvet Ember,2024-03-22 13:35:56.679558
mhudson,Ginger Spice,2024-09-30 23:22:13.121308
brownperry,Wild Frost,2024-07-06 15:27:42.168479
christopherdavid,Wild Jasmine,2024-07-11 23:17:40.313293
brownperry,Sunset Rose,2024-09-27 00:54:57.603931
elaine16,Cocoa Glow,2024-07-07 03:31:55.196522
