name,contact_name,phone_number,email,address
Fisher-Baker,Kristen Ray,(375)253-5763,breyes@example.com,"52127 Tyler Plains Apt. 354
East Jamie, NE 24152"
Young LLC,Amber King,538-697-2866,jane01@example.net,"7424 Lisa Pike
Graceton, AK 64776"
Dixon LLC,Mark Marshall,001-643-918-4889x773,mcmillanbetty@example.com,"158 Anthony Valleys
East Mikaylabury, MA 47541"
"Boyd, Garrett and Butler",Johnathan Williams,(635)306-3149x1903,codysparks@example.org,"49648 Emily Path Suite 600
New Alan, NV 51355"
Andrews PLC,Matthew Duncan,+1-765-357-2090x10782,petersonhenry@example.net,"83137 Romero Throughway
Julianside, MS 23332"
"Palmer, Wilson and Stevens",Timothy Harris,647.613.7054x82785,hannah87@example.org,"1827 Rhonda Mills
Scottmouth, DC 77577"
Davis PLC,Sharon Olson,(822)352-9920x6892,marksmith@example.com,"9185 Heidi Mills
Aprilbury, VI 36339"
Allen Group,Jose Leblanc,+1-355-318-8736x571,mgould@example.com,"77315 Taylor Oval
East Karen, DC 95110"
Burgess PLC,Nicholas Good,001-469-760-5938,anne81@example.net,"0259 Henderson Vista
West Matthewtown, WY 84517"
"Brandt, Jensen and Butler",Antonio Clay,001-514-771-0362,anthony43@example.com,"481 Allen Forks
Moorebury, ND 57993"
Gonzales-Daniels,Katelyn Smith,+1-899-417-6702x0502,jonesthomas@example.net,"90654 Ibarra Key Apt. 729
Frankborough, DC 19448"
Burke and Sons,Benjamin Velez,(914)834-9234x05367,rebeccareed@example.net,"5918 Rocha Underpass
South Claudia, RI 06900"
Jones-Boyd,Danielle Brown,421-725-8142x7819,harrisjeffery@example.org,"480 Moreno Green Suite 722
Boltonborough, OR 22053"
Porter-Blevins,Marcus Wiley,+1-598-717-4592x589,melvin42@example.org,"739 Russell Well
Lake Gary, NE 26544"
Jackson Ltd,William Gonzalez,522-633-6268x7807,haynescalvin@example.net,"8447 Robert Port Suite 422
East John, TN 68694"
Mccormick-Crawford,Wesley Bush,980.849.8471x773,fsmith@example.com,"2895 Gomez Port
Jacobbury, SC 94451"
"Nash, Hernandez and Torres",Kathryn Morales,+1-905-878-8663x204,linda00@example.net,"094 Nunez Landing
Sandrashire, MH 02077"
Ruiz-Taylor,Thomas Perez,680-707-6104x71296,gomeztheresa@example.org,"6658 Jason Avenue Suite 241
North Jason, NY 70204"
"Cline, Gonzalez and Johnston",Eric Weeks,(906)889-9202,rlee@example.com,"21589 Anthony Ferry Suite 257
East Joseph, LA 14499"
Miller-Adams,Stephanie Powell,992-272-6708x8370,ericbowman@example.org,"PSC 0988, Box 1771
APO AP 26473"