username,first_name,last_name,phone_number,address
riveraalex,Susan,Baxter,294-746-3272x2024,"395 Bennett Avenue Apt. 668
Mitchellport, MH 07878"
mhudson,Tina,Mcdaniel,(571)619-2036x47517,"79425 Shelly Trail
South Amber, NC 51992"
jennifer55,Todd,Morris,+1-439-471-0976x490,"35916 Michelle Pike Apt. 015
West Amanda, SD 03939"
stephanie81,Amanda,Mendoza,001-442-740-5375x535,"924 Duane Walk
Port Hannahhaven, NY 55019"
travisrojas,Kimberly,Kennedy,+1-321-969-0387x41942,"USCGC Smith
FPO AA 68346"
markhernandez,Lisa,Ochoa,682.727.0490,"01179 Bianca Camp Apt. 320
Ginaborough, VA 78304"
brandonwilliams,Robert,Gonzalez,954.267.8734,"304 Peterson Well
South Benjaminburgh, OH 71315"
wbarajas,Rachael,Garcia,(576)465-5426x7670,"742 Moore Junction
Henrystad, MT 08066"
gregoryedwards,Kathleen,Mcguire,+1-917-750-3491x202,"9309 Barron Place Apt. 101
Sharonton, IN 10915"
donnakelley,Francisco,Horn,+1-468-652-6680,"73224 Kimberly Causeway
West Michael, AZ 42992"
jonathanpage,Francisco,Brooks,001-955-598-4374,"PSC 9088, Box 7647
APO AA 52825"
john37,Joy,Barber,783.444.3615,"10364 Knox Brooks Apt. 426
Lake Kim, DC 68430"
kramermary,Sue,Richmond,832-696-8379,"050 Douglas Points Suite 440
Berrymouth, AL 28393"
kimberly29,Alicia,Cox,+1-318-785-3750x97392,"46449 Matthew Road
Scotttown, WY 71573"
kimhughes,William,Burns,(421)594-0548x15553,"3463 Brown Junctions Suite 618
Marquezland, IL 50615"
bishopkeith,Scott,Evans,001-721-770-7953,"298 Jennifer Parks Apt. 704
Aaronland, MS 74765"
kevincoleman,Margaret,Lopez,+1-376-983-3327,"946 Miranda Viaduct
South Gina, NH 07637"
barreralori,Stacy,Leonard,+1-570-494-5028x964,"8276 Kara Walks
East Tonya, CO 68457"
fjones,Michelle,Monroe,533.357.2465x9074,"51286 Kimberly Crossroad
North Robertville, IL 83637"
ryanmurphy,Kari,Dennis,(429)542-4283,"086 Andrea Street
East Trevorhaven, IN 65459"
currycaleb,Anna,Poole,535.846.4925,"822 Pineda Bridge Apt. 619
Lake Markfort, ID 04188"
david15,Barbara,Hernandez,(515)431-5330x96527,"6046 Solomon Curve Apt. 512
Joshuafurt, VI 94109"
hdiaz,Cristina,Thompson,001-395-545-3511x680,"6762 Brown Walks Apt. 689
North Jacquelineshire, WA 20745"
kgregory,Jennifer,Allen,001-355-938-9373x8418,"179 Logan Dale
Lake Ronald, AR 68485"
jasonking,Lauren,Price,970.429.1677x727,"29174 Cynthia Glen Suite 539
Denisemouth, MA 07335"
pfitzgerald,Robert,Jimenez,001-595-474-1700x5589,"625 Lee Views
Lisaburgh, MN 31064"
tjuarez,Gabriel,Salazar,(823)844-2814x71030,"106 Sharp Pines Apt. 070
South Ericmouth, AK 19881"
andrewdavis,Julia,Bailey,+1-603-889-9171x860,"PSC 4293, Box 9573
APO AP 11656"
shahtina,Harold,Madden,7597186507,"8505 Melendez Place
North Anthony, VT 15298"
michele27,Valerie,Johnson,584.250.1144x8091,"34588 Lozano Manors Suite 538
West Lisa, ID 50312"
mprice,Michael,Sharp,305-399-8727,"2314 Cunningham Rapids Apt. 739
Port Kylefurt, GU 47908"
baldwinwayne,Nicole,Jordan,268.557.6349,"81677 Patricia Pass
Markville, CA 07475"
vanessamedina,Michael,Coleman,730-749-2258x31055,"400 Banks Throughway
Port Richardborough, MA 42343"
christinaweiss,Jessica,Davis,(347)297-7443x2868,"057 Young Plain
South Stevenport, NV 41057"
christopher63,Patrick,Rice,001-849-909-5496x4190,"399 Elizabeth Landing Suite 314
Lake Scott, GU 95036"
rebekahsanders,Michael,Olson,+1-475-539-5319x583,"7612 Allison Square
New Derek, OK 88050"
keithmason,Michele,Fisher,6248422135,"875 Marcus Turnpike
North Megan, GA 18951"
melissaryan,Linda,Carter,973.334.2783x341,"76259 Alexandra Mill Suite 591
West Adam, MN 06189"
shanebauer,Chad,May,+1-328-391-9496x609,"642 Barrett Run Suite 728
Port Annshire, NY 25291"
jennifer29,Emily,Carter,639-902-5253,"960 Todd Shoal Suite 483
Nicolefurt, MH 99171"
valerie75,Michael,Jackson,674-564-8939x7379,"296 Robert Radial Apt. 567
Michellebury, CT 57597"
kenneth72,Kevin,Holmes,+1-859-939-6625x77348,"PSC 6496, Box 1976
APO AA 55636"
scrosby,Sarah,Mcknight,9114754574,"756 Maldonado Wall
East Theresa, CA 07913"
garrett22,Jeffery,Bass,+1-977-751-6271x586,"28816 Maria Ways
Campbellfurt, NH 01415"
johnsosa,Jeffrey,Allen,507-419-3799x377,"65843 Powers Groves Suite 490
North Seanbury, MN 54725"
antonio66,Angela,Brown,241.437.4159,"1835 Evans Overpass Apt. 230
East Jonathan, VT 50458"
luis39,Catherine,Marshall,425.430.2889x240,"USNS Ballard
FPO AE 77210"
njohnson,James,Cruz,470-254-6398x23753,"4677 Diana Court Suite 020
Smithbury, VT 01280"
steve04,Darlene,Reyes,434-346-0877x6616,"0648 Kevin Lodge Suite 387
Josephchester, MP 81192"
skinnerdaniel,Ryan,Lindsey,001-464-613-0568x6288,"0809 Evans Tunnel
North Dana, LA 05602"
cody70,Paul,Perez,001-313-671-4272,"USS Hays
FPO AE 01064"
justin48,Brianna,Foster,472-295-7801,"486 Peterson Pass
Alexanderside, WY 01158"
vjackson,Patrick,Hernandez,(810)444-4925,"47438 Jesse Shores
New Noah, FL 60947"
ericjones,Jill,Stokes,001-305-721-0216x71347,"503 Jones Junctions Apt. 628
Castroburgh, PR 01514"
schultzlisa,Ernest,Murphy,260-753-1790x609,"60797 Aguilar Knolls
East Marcusfurt, SD 93280"
romerolisa,Corey,Riddle,+1-792-820-4898,"47742 Emily Pines
Brewerfort, MI 15774"
todd66,Janice,Thompson,947.717.4367,"73924 Yvette Port
Timothyfurt, LA 96265"
ggonzalez,Dawn,Bell,7584374917,"500 Ellis Flat
Billyburgh, PW 88400"
owendaniel,Joanna,Castaneda,001-717-939-9068x58846,"347 Williams Shoal
South Tyler, CT 64480"
heatherrice,Ellen,Walker,820.904.0607,"349 Wiggins Meadows
Popeland, NY 31500"
walkercynthia,John,Farmer,+1-787-649-0831x2929,"6531 Jackson Coves Apt. 449
East Elizabeth, TX 95507"
nicholasobrien,Johnny,Carter,(820)767-8511x74119,"70859 Rogers Fields Apt. 416
Christianstad, NM 93757"
sarahgrant,Julia,Glover,6423041074,"4869 Maxwell Via
Coreychester, ME 48916"
dianamack,Denise,Edwards,(451)255-3821x071,"00241 Guerra Court Apt. 955
South Tinachester, VA 36615"
esmith,Charles,Terry,001-580-396-1481x286,"16024 Michael Grove
Lake Billyside, GA 82666"
mcdonaldjennifer,Alex,Oliver,2915357254,"09339 Edward Way
Lindseyton, NV 66728"
christopherperkins,Teresa,Howard,(921)791-8430x72996,"5219 Welch Bypass Apt. 411
Lake Joshuaberg, MN 26126"
sydneyfry,Darryl,Gonzalez,001-894-801-3331,"900 Edward Drive Apt. 708
Lonnieside, MA 18210"
hwilson,Caitlin,Fuller,753.511.4471x69415,"9826 Richardson Hollow Apt. 222
Smithfort, MA 83730"
ethompson,Jeffrey,Rice,+1-366-703-8472x49819,"3407 Martinez Mount Suite 611
Erikport, PW 75773"
bcurtis,Jennifer,Miller,001-819-795-6959x6861,"17733 Jacob Wall
Duarteberg, KY 09236"
johnsonmichael,Thomas,Nguyen,336-346-9442x96959,"2284 Ellen Freeway
Brownside, AL 53352"
laura11,Benjamin,Nichols,452.434.1328x8681,"407 Bailey Pike
Liuport, WI 68487"
michael44,Judy,Ruiz,(872)974-0435x5766,"03757 Wright Turnpike
Khanbury, VA 30709"
terri72,Jennifer,Thompson,268.592.5969x4988,"116 Bradley Drive Apt. 700
Dylanberg, DC 87387"
fhernandez,Martin,Morris,(387)700-8303x66278,"83247 Henry Expressway
Hickmantown, OK 57688"
brandonlewis,Tony,Pittman,001-946-522-9912x9809,"74253 John Knolls
East Lisa, MN 38015"
karabarrett,Melanie,Coleman,918-901-8795,"11078 Evans Islands
Clarkton, FM 01071"
odelacruz,Holly,Howell,001-683-729-9735x8909,"485 Sarah Flats Apt. 105
Rhondaland, SD 38942"
youngscott,Cathy,Strickland,(464)923-9919x398,"3731 Tony Trail Suite 491
Lake Matthew, AZ 56298"
michael61,Crystal,Olson,7526407440,"2160 Raymond Via
South Alyssashire, UT 88609"
valencialarry,Jason,Taylor,3604367429,"816 Marquez Passage Apt. 371
Cooleyton, MP 85236"
swansonjames,Bradley,Arnold,957-238-3912x24067,"5226 Wood Gateway Suite 140
Leahtown, SC 55927"
elaine16,Taylor,Gallagher,5972682010,"51929 Contreras Fall Suite 887
Smithland, AL 33573"
brian90,Charles,Sullivan,(364)644-8627,"PSC 2580, Box 5751
APO AE 01292"
emmaedwards,Richard,Huffman,+1-707-699-1935x232,"USNS Pierce
FPO AP 55062"
christopherdavid,Phyllis,Mclaughlin,(700)903-8323x23757,"591 Robinson Springs Suite 431
Whitneyburgh, WY 84253"
ljones,Martin,Burke,462-326-8906,"9004 Harris Prairie
New Michael, MH 15596"
christinepayne,Desiree,Trevino,+1-615-448-9677x5625,"481 Roberts Mountain Suite 772
North Kellie, MH 81838"
smithjenna,Richard,Mcneil,365.864.1009,"USCGC Montes
FPO AA 48065"
erin28,Jennifer,Kelly,001-550-526-6738x28294,"PSC 4212, Box 1036
APO AA 28503"
marc16,Tyler,Singleton,515.357.0954x7605,"66570 John Cape Suite 855
Scottport, CT 45958"
qmoran,Emily,Chang,+1-406-557-9788x83808,"36299 Wolfe Loaf
Courtneychester, AR 08214"
lindsey92,Crystal,Powers,2178312297,"91587 Travis Mountains
Martineztown, CT 30591"
bsummers,Eric,Fritz,001-480-706-5529,"661 Stanley Trafficway
New Tammy, WY 98825"
jessicahernandez,Alexis,Martin,974.200.4858x620,"2777 Crystal Heights
New Jimmymouth, MO 02378"
marc95,Thomas,Bass,(660)964-3781x29502,"94928 Bush Meadow
Smithchester, KY 21193"
huertamichele,Daniel,Phillips,8436412673,"USS Oconnor
FPO AP 14971"
brownperry,Randy,Newman,001-269-539-7689x3253,"25029 Susan Fall
Fergusonfort, VT 55484"
lauren64,Amber,Silva,684.463.7622,"98971 Victoria Streets
Lake Dianahaven, MO 38394"
