username,email,password,created_at,updated_at
riveraalex,phillipsamy@example.net,otBE&Ta*#8,2024-08-18 13:15:48.232637,2024-12-10 19:52:23.222992
mhudson,cortezdeborah@example.com,F$&wM1Av*7,2024-03-11 16:51:14.037748,2024-04-09 21:50:36.010440
jennifer55,barry17@example.net,1Fl4Ihuen),2024-01-13 22:30:33.913333,2024-08-25 16:52:36.383179
stephanie81,finleyryan@example.org,@3kicJM)^b,2024-12-07 17:24:28.251019,2024-07-19 05:39:34.430308
travisrojas,asmith@example.org,j!3Ua@Dyz9,2024-10-24 05:47:30.433723,2024-10-27 10:45:05.966045
markhernandez,evanspaula@example.org,2*D!15XvR^,2024-02-08 08:30:02.871204,2024-12-02 03:15:07.058850
brandonwilliams,lwagner@example.org,#v*J1FWeR7,2024-05-12 11:06:04.362790,2024-02-14 02:51:19.223342
wbarajas,norman71@example.net,9+3A@U6h_2,2024-03-30 17:48:57.222931,2024-09-21 12:17:09.877822
gregoryedwards,rowlandfrancisco@example.net,1_XUx5Kk#w,2024-03-07 14:25:34.950355,2024-11-15 03:11:06.868916
donnakelley,haleyramos@example.com,6+F2q(Ye&M,2024-10-02 09:07:14.377952,2024-01-24 15:42:52.011956
jonathanpage,crystalgarcia@example.com,xo@3TA8iXr,2024-11-19 07:25:21.061171,2024-08-09 10:57:39.814717
john37,gregoryclark@example.org,%gUkPEo7!3,2024-07-29 22:36:01.748291,2024-12-09 11:56:35.058688
kramermary,scampos@example.com,^%6p@Mg2hJ,2024-05-16 17:27:54.429384,2024-02-08 17:01:17.846325
kimberly29,derrick15@example.net,@q7LhgMGW5,2024-09-07 22:11:41.716090,2024-03-16 01:50:02.737538
kimhughes,tylerwilliam@example.org,d_3vCEgcGb,2024-05-28 22:46:48.789953,2024-04-27 02:48:56.913990
bishopkeith,melissa80@example.net,*1qNk^NW^3,2024-09-29 23:33:02.763096,2024-03-15 05:43:36.610354
kevincoleman,oporter@example.org,YC5Oqx$fO#,2024-08-14 20:58:45.042150,2024-09-16 06:54:10.859237
barreralori,efernandez@example.org,R*0vEYxobj,2024-09-07 10:16:41.738670,2024-06-30 17:24:31.881987
fjones,umatthews@example.org,il#Xc&rz#2,2024-05-27 03:40:15.847414,2024-06-30 18:13:42.286662
ryanmurphy,jacksondaniel@example.com,8#669Ujr3k,2024-01-23 18:27:13.283867,2024-11-02 14:14:49.581929
currycaleb,lnewman@example.org,jOO1GnohQ(,2024-06-03 23:33:19.179828,2024-04-20 20:11:21.310123
david15,matthewbarnes@example.net,r_n9kGqcD),2024-02-01 05:16:30.585442,2024-03-13 06:16:29.221792
hdiaz,charles01@example.net,!rP61RsuK0,2024-08-20 07:00:50.159337,2024-01-26 05:36:46.659488
kgregory,thomas33@example.org,&1G8j1O)jR,2024-07-13 09:54:57.145647,2024-10-02 23:11:41.485793
jasonking,jamesware@example.com,%3O)zCl(fp,2024-11-29 19:08:53.981611,2024-06-06 04:10:47.572274
pfitzgerald,jorgewhite@example.net,Q5CyWk2s*y,2024-10-29 16:25:06.652888,2024-07-31 21:24:14.823988
tjuarez,gina22@example.net,y)Lv$2HhG!,2024-02-17 14:41:00.328549,2024-11-18 14:19:53.991886
andrewdavis,leroygarza@example.com,ge^0nXbt0e,2024-06-30 01:29:54.113809,2024-10-26 22:09:40.733700
shahtina,hannahhernandez@example.org,u0Q6EozH#7,2024-01-09 15:30:42.982855,2024-10-24 11:54:51.040758
michele27,nealjodi@example.org,+^Yace*G7*,2024-02-05 13:14:40.593965,2024-05-06 09:23:52.795277
mprice,kevincaldwell@example.org,CaFbAI0g_7,2024-08-31 04:49:02.111567,2024-07-29 20:15:07.085591
baldwinwayne,zthomas@example.com,9xZ7Jsj*)k,2024-01-25 13:56:09.702774,2024-09-25 09:46:52.841710
vanessamedina,amerritt@example.net,J#v7B5jOgt,2024-03-07 06:22:26.940800,2024-02-21 03:55:44.374986
christinaweiss,ihill@example.net,WPAiKxX2)8,2024-05-14 20:09:16.552165,2024-10-21 10:14:36.572921
christopher63,zmiller@example.org,@1SEqekFl0,2024-11-09 07:39:51.103276,2024-11-02 21:11:13.635778
rebekahsanders,morganrobert@example.com,J&k)NorJ$3,2024-12-20 06:09:57.424021,2024-08-01 10:13:57.983579
keithmason,jpatrick@example.com,8c@BPsDG$w,2024-02-26 16:26:23.978728,2024-08-31 09:41:29.631081
melissaryan,davidmacdonald@example.org,9K2&WGLw!&,2024-05-30 13:32:18.317194,2024-09-17 15:05:52.456978
shanebauer,john87@example.com,#4G)Dw(5XB,2024-11-04 11:23:03.129831,2024-04-22 20:49:20.017895
jennifer29,teresa20@example.net,_9Pb0BD$Oe,2024-03-15 11:14:07.076769,2024-08-08 17:38:55.344835
valerie75,wthomas@example.org,*s8&8#CrVE,2024-09-09 12:53:31.192641,2024-06-17 22:49:18.495989
kenneth72,klee@example.com,L%9KFA3gf$,2024-03-22 20:51:15.605478,2024-02-11 16:30:18.575902
scrosby,schroederapril@example.net,S7ZnrBiF#5,2024-01-30 16:21:18.245785,2024-06-18 17:45:50.196510
garrett22,yangnicole@example.org,YAEugR0z$7,2024-07-20 22:53:39.459001,2024-10-17 19:55:41.867005
johnsosa,plee@example.org,D1oE1svx%t,2024-11-12 09:47:45.827400,2024-09-30 19:08:05.571471
antonio66,juliebranch@example.org,_66Tl$W#YC,2024-02-25 16:03:26.244699,2024-05-18 21:16:15.441465
luis39,christianharrell@example.net,jC%)6LcWOG,2024-11-27 05:35:31.873773,2024-04-09 23:35:51.702484
njohnson,mitchellreed@example.org,($MdjrSh9N,2024-01-02 12:54:56.553247,2024-02-10 06:44:29.562522
steve04,nicholasmorris@example.com,wf2NI%y_O$,2024-02-05 13:13:46.130342,2024-05-07 12:12:05.363196
skinnerdaniel,yolandajennings@example.org,am7J1FkT%u,2024-01-10 16:55:10.487095,2024-03-06 05:15:18.386477
cody70,estradaelizabeth@example.org,IpBM3LuX)$,2024-03-14 19:28:30.167272,2024-01-16 16:16:42.133394
justin48,tonyscott@example.org,dI3J@2!x@4,2024-06-01 11:26:03.661995,2024-09-21 22:23:49.743333
vjackson,ibrady@example.net,#5A&9Mpw4q,2024-09-24 11:24:39.130091,2024-06-21 19:36:15.154110
ericjones,evansbelinda@example.com,y5Mzx5z0_P,2024-10-21 08:48:19.982867,2024-04-17 23:09:09.935045
schultzlisa,santosalexis@example.net,D#31G2bKz*,2024-03-17 10:47:07.054224,2024-01-28 08:25:37.002324
romerolisa,sandracohen@example.org,g1Vn@rZx$),2024-02-28 12:44:06.694705,2024-01-12 04:32:02.378376
todd66,wallacechristopher@example.net,vGoR#OcC_8,2024-08-31 20:03:26.932501,2024-12-14 22:47:05.531594
ggonzalez,rossjason@example.com,&9CiOJRuj7,2024-04-14 14:36:23.811487,2024-09-18 20:54:38.728891
owendaniel,melissa77@example.net,))AWr)St2K,2024-08-25 17:00:08.621571,2024-09-13 01:23:14.099598
heatherrice,freemanronald@example.com,#Ba3dZc3Zx,2024-07-02 00:20:17.793440,2024-01-08 05:03:55.733828
walkercynthia,tiffany83@example.com,Tv)TMe!q#7,2024-11-08 14:48:48.051564,2024-02-24 02:52:32.053095
nicholasobrien,amanda10@example.com,OINX20&mC),2024-09-18 13:14:54.830700,2024-06-13 15:37:10.959310
sarahgrant,janice06@example.com,0&%8O$eHQ8,2024-06-12 02:33:01.299892,2024-07-29 02:29:49.999765
dianamack,kimberlyjones@example.org,*^xY5CppVb,2024-05-10 06:06:31.425834,2024-06-18 21:46:16.376300
esmith,lauriemontgomery@example.com,_nY&xVGL4y,2024-03-29 07:32:37.637447,2024-09-06 15:53:47.346789
mcdonaldjennifer,xramos@example.org,qG0!XoN(%j,2024-03-03 13:16:47.173420,2024-03-07 01:37:08.187456
christopherperkins,wigginsbrooke@example.org,5WA)oXjI!h,2024-06-09 11:28:28.706446,2024-05-01 21:42:08.150510
sydneyfry,floresadam@example.com,f@sp3to2TP,2024-02-17 15:51:52.188156,2024-11-18 00:08:08.349181
hwilson,warrencharles@example.com,7#QVWWfA(q,2024-03-14 17:48:56.893187,2024-10-24 11:51:20.086263
ethompson,barrylong@example.com,J4vHvAIo_7,2024-09-11 15:27:37.022771,2024-05-06 13:39:51.176596
bcurtis,tammy69@example.org,^z6nmQkhR3,2024-09-14 08:00:30.055394,2024-09-12 17:55:54.611976
johnsonmichael,nicholas60@example.com,#5ZAHuv_C&,2024-05-17 12:31:08.232790,2024-02-21 04:19:44.344812
laura11,dwarren@example.net,f8oQqsy7@f,2024-07-23 08:14:12.548663,2024-11-23 15:42:36.016585
michael44,ellisthomas@example.net,@bEWvFmrg0,2024-04-23 03:51:46.482355,2024-08-26 03:11:18.664055
terri72,avilajennifer@example.net,$*46yL6u9P,2024-08-06 12:12:33.780164,2024-05-26 09:27:18.378808
fhernandez,jamesmueller@example.org,HX1ZSgns_s,2024-08-11 14:33:47.404937,2024-11-29 23:12:08.112666
brandonlewis,eburns@example.org,$MJ15VdR(#,2024-10-04 21:52:36.358375,2024-07-04 12:44:04.868441
karabarrett,morgan91@example.com,+f9UHnAgqA,2024-03-08 09:10:00.063977,2024-03-09 00:43:55.430152
odelacruz,megan23@example.org,_4n4XnjIs7,2024-10-15 14:09:31.677325,2024-07-08 11:29:45.010863
youngscott,whiteheadderek@example.com,!2HCo%YHjC,2024-09-16 18:29:41.615871,2024-08-19 01:42:08.838471
michael61,tbest@example.org,LgVUdHD%_8,2024-12-05 04:02:36.641250,2024-02-28 20:09:12.711530
valencialarry,hailey60@example.net,4D7M7k)wj_,2024-07-28 22:52:32.855906,2024-09-07 14:04:57.051452
swansonjames,lorithomas@example.org,(gUAo!Lmh2,2024-09-16 06:54:54.605647,2024-05-27 12:44:50.799515
elaine16,lstewart@example.org,4&d61Xqn**,2024-11-03 18:46:22.579898,2024-09-26 13:16:35.028721
brian90,bankssharon@example.com,+VcUn+%$1l,2024-03-19 17:16:54.893861,2024-02-10 11:58:14.262677
emmaedwards,sharonnichols@example.org,%1b6X++lon,2024-07-11 13:21:20.196340,2024-03-10 06:27:59.892509
christopherdavid,luke11@example.net,gO6@fzOi+!,2024-03-30 07:02:39.740618,2024-07-28 18:54:15.393322
ljones,millerjacob@example.org,w71GYZ%h)m,2024-01-19 02:36:30.874151,2024-02-29 07:07:56.807623
christinepayne,newmanjulie@example.net,Hk9yBfo3w+,2024-09-24 04:15:12.878015,2024-10-03 20:32:43.230853
smithjenna,allenamy@example.net,*U1p8XKb6j,2024-08-21 02:01:07.347521,2024-05-01 18:19:03.578333
erin28,bassernest@example.com,4fdAgq@*$r,2024-04-04 04:08:09.495274,2024-02-01 01:02:15.042696
marc16,weaverjohn@example.net,0qohiX4R(i,2024-09-28 22:00:11.155771,2024-08-10 16:18:18.445069
qmoran,robertrodriguez@example.org,r6@V3Gx720,2024-07-03 23:02:41.084075,2024-12-06 00:57:21.046909
lindsey92,williamalexander@example.net,&A8I_ejMdg,2024-10-18 11:40:13.390545,2024-01-22 21:02:42.224943
bsummers,kathy09@example.net,qc!1cOZgPc,2024-05-22 10:03:46.600091,2024-03-21 01:38:55.587075
jessicahernandez,shawdavid@example.org,r$HpnrOhi8,2024-03-26 00:31:40.693204,2024-03-28 03:42:42.537136
marc95,stephaniepalmer@example.com,k5LLtpR&!g,2024-05-26 18:59:50.067001,2024-08-25 01:25:21.698594
huertamichele,ppatel@example.org,Tm@qLzAq$5,2024-04-30 01:37:14.650870,2024-09-29 18:22:59.151304
brownperry,holly77@example.org,7p6DQ_%^_S,2024-05-21 21:56:34.332784,2024-05-30 01:23:32.261423
lauren64,lsmith@example.com,G7q40Tw8%9,2024-04-10 00:33:15.051867,2024-11-20 09:06:11.938429
